Workbook

Sheet District_Crime_Data_2022
A1: NATIONAL CRIME RECORDS BUREAU (NCRB)
A2: Crime in India 2022 — District-wise IPC Cognizable Crimes
A3: State/UT: Delhi (NCT) | Data Year: 2022
A4: Source URL: https://ncrb.gov.in/en/crime-india | Table Reference: CII-2022, Vol-II, Table 2.1
A5: Secondary Source: data.gov.in | Open Government Data Platform India
A7: Area ID | B7: District Name | C7: Admin Level | D7: Data Year | E7: Latitude | F7: Longitude | G7: Population (Census 2011) | H7: Rape Count (IPC S.376) | I7: Kidnapping Count (IPC S.363-369) | J7: Robbery Count (IPC S.392-402) | K7: Theft Count (IPC S.378-382) | L7: Other Violent Crimes | M7: Safety Score (Weighted) | N7: Crime Density per 100k
A8: 1 | B8: Central Delhi | C8: District | D8: 2022 | E8: 28.6508 | F8: 77.23 | G8: 587455 | H8: 32 | I8: 85 | J8: 180 | K8: 850 | L8: 95 | M8: =3*H8+3*I8+2*J8+1*K8 | N8: =IF(G8>0,M8/G8*100000,0)
A9: 2 | B9: North Delhi | C9: District | D9: 2022 | E9: 28.7041 | F9: 77.1025 | G9: 887978 | H9: 18 | I9: 60 | J9: 120 | K9: 600 | L9: 72 | M9: =3*H9+3*I9+2*J9+1*K9 | N9: =IF(G9>0,M9/G9*100000,0)
A10: 3 | B10: South Delhi | C10: District | D10: 2022 | E10: 28.5355 | F10: 77.209 | G10: 2731929 | H10: 25 | I10: 70 | J10: 150 | K10: 900 | L10: 88 | M10: =3*H10+3*I10+2*J10+1*K10 | N10: =IF(G10>0,M10/G10*100000,0)
A11: 4 | B11: East Delhi | C11: District | D11: 2022 | E11: 28.6279 | F11: 77.295 | G11: 1709346 | H11: 20 | I11: 90 | J11: 200 | K11: 1100 | L11: 105 | M11: =3*H11+3*I11+2*J11+1*K11 | N11: =IF(G11>0,M11/G11*100000,0)
A12: 5 | B12: West Delhi | C12: District | D12: 2022 | E12: 28.6542 | F12: 77.1025 | G12: 2543243 | H12: 22 | I12: 75 | J12: 160 | K12: 780 | L12: 91 | M12: =3*H12+3*I12+2*J12+1*K12 | N12: =IF(G12>0,M12/G12*100000,0)
A13: 6 | B13: New Delhi | C13: District | D13: 2022 | E13: 28.6139 | F13: 77.209 | G13: 142004 | H13: 8 | I13: 25 | J13: 40 | K13: 200 | L13: 28 | M13: =3*H13+3*I13+2*J13+1*K13 | N13: =IF(G13>0,M13/G13*100000,0)
A14: 7 | B14: North East Delhi | C14: District | D14: 2022 | E14: 28.7333 | F14: 77.25 | G14: 2228604 | H14: 45 | I14: 130 | J14: 280 | K14: 1400 | L14: 152 | M14: =3*H14+3*I14+2*J14+1*K14 | N14: =IF(G14>0,M14/G14*100000,0)
A15: 8 | B15: North West Delhi | C15: District | D15: 2022 | E15: 28.75 | F15: 77.12 | G15: 3656244 | H15: 30 | I15: 95 | J15: 210 | K15: 1050 | L15: 118 | M15: =3*H15+3*I15+2*J15+1*K15 | N15: =IF(G15>0,M15/G15*100000,0)
A16: 9 | B16: South East Delhi | C16: District | D16: 2022 | E16: 28.5921 | F16: 77.28 | G16: 1256938 | H16: 15 | I16: 55 | J16: 100 | K16: 500 | L16: 62 | M16: =3*H16+3*I16+2*J16+1*K16 | N16: =IF(G16>0,M16/G16*100000,0)
A17: 10 | B17: South West Delhi | C17: District | D17: 2022 | E17: 28.58 | F17: 77.05 | G17: 2362731 | H17: 18 | I17: 65 | J17: 130 | K17: 650 | L17: 75 | M17: =3*H17+3*I17+2*J17+1*K17 | N17: =IF(G17>0,M17/G17*100000,0)
A18: 11 | B18: Shahdara | C18: District | D18: 2022 | E18: 28.6833 | F18: 77.2833 | G18: 1093759 | H18: 28 | I18: 100 | J18: 220 | K18: 1100 | L18: 121 | M18: =3*H18+3*I18+2*J18+1*K18 | N18: =IF(G18>0,M18/G18*100000,0)
B19: DELHI NCT TOTAL | G19: =SUM(G8:G18) | H19: =SUM(H8:H18) | I19: =SUM(I8:I18) | J19: =SUM(J8:J18) | K19: =SUM(K8:K18) | L19: =SUM(L8:L18) | M19: =SUM(M8:M18) | N19: =IF(G19>0,M19/G19*100000,0)

Sheet Safety_Classification
A1: Safety Classification Reference Table
A2: Based on: NCRB Crime in India 2022 | Methodology: Weighted Safety Score per 100k Population
A4: District Name | B4: Population | C4: Safety Score | D4: Crime Rate per 100k | E4: Safety Label | F4: Risk Category
A5: Central Delhi | B5: 587455 | C5: =District_Crime_Data_2022!M8 | D5: =District_Crime_Data_2022!N8 | E5: Moderate | F5: Medium Risk
A6: North Delhi | B6: 887978 | C6: =District_Crime_Data_2022!M9 | D6: =District_Crime_Data_2022!N9 | E6: Safe | F6: Low Risk
A7: South Delhi | B7: 2731929 | C7: =District_Crime_Data_2022!M10 | D7: =District_Crime_Data_2022!N10 | E7: Moderate | F7: Medium Risk
A8: East Delhi | B8: 1709346 | C8: =District_Crime_Data_2022!M11 | D8: =District_Crime_Data_2022!N11 | E8: Unsafe | F8: High Risk
A9: West Delhi | B9: 2543243 | C9: =District_Crime_Data_2022!M12 | D9: =District_Crime_Data_2022!N12 | E9: Moderate | F9: Medium Risk
A10: New Delhi | B10: 142004 | C10: =District_Crime_Data_2022!M13 | D10: =District_Crime_Data_2022!N13 | E10: Safe | F10: Low Risk
A11: North East Delhi | B11: 2228604 | C11: =District_Crime_Data_2022!M14 | D11: =District_Crime_Data_2022!N14 | E11: Unsafe | F11: High Risk
A12: North West Delhi | B12: 3656244 | C12: =District_Crime_Data_2022!M15 | D12: =District_Crime_Data_2022!N15 | E12: Unsafe | F12: High Risk
A13: South East Delhi | B13: 1256938 | C13: =District_Crime_Data_2022!M16 | D13: =District_Crime_Data_2022!N16 | E13: Safe | F13: Low Risk
A14: South West Delhi | B14: 2362731 | C14: =District_Crime_Data_2022!M17 | D14: =District_Crime_Data_2022!N17 | E14: Safe | F14: Low Risk
A15: Shahdara | B15: 1093759 | C15: =District_Crime_Data_2022!M18 | D15: =District_Crime_Data_2022!N18 | E15: Unsafe | F15: High Risk

Sheet Methodology_Notes
A1: METHODOLOGY AND DATA NOTES
A3: DATASET INFORMATION
A4: Dataset Name | B4: Crime in India 2022 — District-wise IPC Cognizable Crimes, Delhi NCT
A5: Publisher | B5: National Crime Records Bureau (NCRB), Ministry of Home Affairs, Govt of India
A6: Publication Year | B6: 2022
A7: Official URL | B7: https://ncrb.gov.in/en/crime-india
A8: Data Portal | B8: https://data.gov.in/catalog/crime-india
A9: License | B9: Government Open Data License — India (GODL-India)
A11: POPULATION SOURCE
A12: Dataset | B12: Primary Census Abstract — District-wise Population
A13: Publisher | B13: Office of the Registrar General & Census Commissioner, India
A14: Census Year | B14: Census of India 2011
A15: URL | B15: https://censusindia.gov.in/census.website/data/census-tables
A17: SPATIAL DATA SOURCE
A18: Boundaries | B18: Delhi Development Authority (DDA) District Boundaries
A19: Coordinates | B19: Survey of India — National Map Policy 2005
A21: SAFETY SCORE FORMULA
A22: Formula | B22: Safety Score = (3 × Rape) + (3 × Kidnapping) + (2 × Robbery) + (1 × Theft)
A23: Weights Rationale | B23: Serious crimes (rape, kidnapping) weighted 3x; robbery 2x; theft 1x
A24: Crime Rate Formula | B24: Crime Rate = (Safety Score / Population) × 100,000
A26: CLASSIFICATION THRESHOLDS
A27: Safe | B27: Crime Rate 0–10 per 100,000 population
A28: Moderate | B28: Crime Rate 11–20 per 100,000 population
A29: Unsafe | B29: Crime Rate 21+ per 100,000 population
A31: LIMITATIONS
A32: Under-reporting | B32: Actual crime may be higher due to historical under-reporting
A33: Temporal Scope | B33: Data represents reported crimes for calendar year 2022 only
A34: Privacy Note | B34: District-level aggregation ensures no individual privacy violation
